,n,m,k,BDD_dominating_cgm_ot,BDD_dominating_cgm_mt,BDD_blame_ot,BDD_blame_mt,BDD_mod_blame_ot,BDD_mod_blame_mt,BDD_influence_ot,BDD_influence_mt,GPMC_blame_ot,GPMC_blame_mt,GPMC_mod_blame_ot,GPMC_mod_blame_mt,GPMC_influence_ot,GPMC_influence_mt
0,10,30,7,2.7768611907958984,1.3785362243652344,,,,,,,,,,,,
1,10,30,7,3.029823303222656,2.003192901611328,,,,,,,,,,,,
2,10,30,7,1.6484260559082031,0.6518363952636719,,,,,,,,,,,,
3,10,30,7,3.894805908203125,2.7265548706054688,,,,,,,,,,,,
4,10,30,7,2.627134323120117,1.549482345581055,,,,,,,,,,,,
5,10,30,7,2.6412010192871094,1.3942718505859375,,,,,,,,,,,,
6,10,30,7,2.340555191040039,1.2421607971191406,,,,,,,,,,,,
7,10,30,7,3.4863948822021484,2.4595260620117188,,,,,,,,,,,,
8,10,30,7,2.789020538330078,1.767873764038086,,,,,,,,,,,,
9,10,30,7,2.6950836181640625,1.608133316040039,,,,,,,,,,,,
10,10,30,7,,,3.522634506225586,2.2478103637695312,,,,,,,,,,
11,10,30,7,,,3.381013870239258,2.378702163696289,,,,,,,,,,
12,10,30,7,,,3.274679183959961,2.266407012939453,,,,,,,,,,
13,10,30,7,,,3.3719539642333984,2.2284984588623047,,,,,,,,,,
14,10,30,7,,,3.3516883850097656,2.279281616210937,,,,,,,,,,
15,10,30,7,,,3.3309459686279297,2.318859100341797,,,,,,,,,,
16,10,30,7,,,3.761053085327149,2.634286880493164,,,,,,,,,,
17,10,30,7,,,3.005504608154297,2.04157829284668,,,,,,,,,,
18,10,30,7,,,3.7229061126708975,2.692699432373047,,,,,,,,,,
19,10,30,7,,,3.167152404785156,2.13313102722168,,,,,,,,,,
20,10,30,7,,,,,3.278493881225586,1.5025138854980469,,,,,,,,
21,10,30,7,,,,,3.4029483795166016,1.6226768493652344,,,,,,,,
22,10,30,7,,,,,2.376794815063477,1.3480186462402344,,,,,,,,
23,10,30,7,,,,,1.9786357879638672,0.8847713470458984,,,,,,,,
24,10,30,7,,,,,2.022266387939453,1.003265380859375,,,,,,,,
25,10,30,7,,,,,1.878023147583008,0.8876323699951172,,,,,,,,
26,10,30,7,,,,,2.062559127807617,1.0325908660888672,,,,,,,,
27,10,30,7,,,,,1.6734600067138672,0.690460205078125,,,,,,,,
28,10,30,7,,,,,1.9352436065673828,0.9388923645019532,,,,,,,,
29,10,30,7,,,,,1.7380714416503906,0.6692409515380859,,,,,,,,
30,10,30,7,,,,,,,1.4734268188476562,0.0677108764648437,,,,,,
31,10,30,7,,,,,,,1.2760162353515625,0.0522136688232421,,,,,,
32,10,30,7,,,,,,,1.0590553283691406,0.0486373901367187,,,,,,
33,10,30,7,,,,,,,1.0340213775634766,0.0450611114501953,,,,,,
34,10,30,7,,,,,,,1.0721683502197266,0.0436305999755859,,,,,,
35,10,30,7,,,,,,,1.0650157928466797,0.0607967376708984,,,,,,
36,10,30,7,,,,,,,1.1377334594726562,0.0653266906738281,,,,,,
37,10,30,7,,,,,,,1.057147979736328,0.0498294830322265,,,,,,
38,10,30,7,,,,,,,1.1959075927734375,0.0514984130859375,,,,,,
39,10,30,7,,,,,,,1.0335445404052734,0.0445842742919921,,,,,,
40,10,30,7,,,,,,,,,240.9372329711914,239.1655445098877,,,,
41,10,30,7,,,,,,,,,245.9423542022705,245.09286880493164,,,,
42,10,30,7,,,,,,,,,238.7244701385498,237.7533912658692,,,,
43,10,30,7,,,,,,,,,249.79400634765625,248.95262718200684,,,,
44,10,30,7,,,,,,,,,248.3987808227539,247.53570556640625,,,,
45,10,30,7,,,,,,,,,242.85364151000977,242.0215606689453,,,,
46,10,30,7,,,,,,,,,205.05046844482425,204.1869163513184,,,,
47,10,30,7,,,,,,,,,204.9860954284668,204.1652202606201,,,,
48,10,30,7,,,,,,,,,244.63200569152832,243.8015937805176,,,,
49,10,30,7,,,,,,,,,364.2275333404541,363.398551940918,,,,
50,10,30,7,,,,,,,,,,,138.37575912475586,137.31980323791504,,
51,10,30,7,,,,,,,,,,,105.02266883850098,104.22444343566896,,
52,10,30,7,,,,,,,,,,,87.63265609741211,86.8072509765625,,
53,10,30,7,,,,,,,,,,,132.8732967376709,131.9413185119629,,
54,10,30,7,,,,,,,,,,,136.52729988098145,135.7097625732422,,
55,10,30,7,,,,,,,,,,,122.88928031921388,122.1017837524414,,
56,10,30,7,,,,,,,,,,,119.5518970489502,118.69335174560548,,
57,10,30,7,,,,,,,,,,,106.79006576538086,105.98921775817873,,
58,10,30,7,,,,,,,,,,,149.73044395446777,148.87166023254397,,
59,10,30,7,,,,,,,,,,,98.63948822021484,97.79667854309082,,
60,10,30,7,,,,,,,,,,,,,106.46343231201172,105.40366172790527
61,10,30,7,,,,,,,,,,,,,97.9619026184082,97.14436531066896
62,10,30,7,,,,,,,,,,,,,100.04353523254396,98.97804260253906
63,10,30,7,,,,,,,,,,,,,117.04039573669434,116.22381210327148
64,10,30,7,,,,,,,,,,,,,98.4938144683838,97.67413139343262
65,10,30,7,,,,,,,,,,,,,101.40228271484376,100.55899620056152
66,10,30,7,,,,,,,,,,,,,85.56389808654785,84.72204208374023
67,10,30,7,,,,,,,,,,,,,115.87047576904295,115.05842208862305
68,10,30,7,,,,,,,,,,,,,97.99456596374512,97.12362289428712
69,10,30,7,,,,,,,,,,,,,106.12916946411131,105.31187057495116
70,13,39,7,16.903162002563477,15.108108520507812,,,,,,,,,,,,
71,13,39,7,10.039806365966797,8.502483367919922,,,,,,,,,,,,
72,13,39,7,26.81136131286621,25.2377986907959,,,,,,,,,,,,
73,13,39,7,47.40381240844727,45.96877098083496,,,,,,,,,,,,
74,13,39,7,18.228530883789062,16.450166702270508,,,,,,,,,,,,
75,13,39,7,14.561891555786133,13.190507888793944,,,,,,,,,,,,
76,13,39,7,13.11659812927246,11.687755584716797,,,,,,,,,,,,
77,13,39,7,14.238595962524414,12.796401977539062,,,,,,,,,,,,
78,13,39,7,21.317005157470703,19.86360549926757,,,,,,,,,,,,
79,13,39,7,19.50383186340332,18.142223358154297,,,,,,,,,,,,
80,13,39,7,,,8.815526962280273,7.06028938293457,,,,,,,,,,
81,13,39,7,,,5.133867263793945,3.785848617553711,,,,,,,,,,
82,13,39,7,,,9.00411605834961,7.712602615356445,,,,,,,,,,
83,13,39,7,,,7.090330123901367,5.776643753051758,,,,,,,,,,
84,13,39,7,,,6.937980651855469,5.445003509521484,,,,,,,,,,
85,13,39,7,,,5.249977111816406,3.940105438232422,,,,,,,,,,
86,13,39,7,,,9.614944458007812,7.419109344482422,,,,,,,,,,
87,13,39,7,,,8.818864822387695,7.440567016601562,,,,,,,,,,
88,13,39,7,,,7.915019989013672,6.628751754760742,,,,,,,,,,
89,13,39,7,,,6.581544876098633,5.213260650634766,,,,,,,,,,
90,13,39,7,,,,,4.176855087280273,2.6340484619140625,,,,,,,,
91,13,39,7,,,,,2.187013626098633,0.8718967437744141,,,,,,,,
92,13,39,7,,,,,4.349231719970703,2.9315948486328125,,,,,,,,
93,13,39,7,,,,,3.588199615478516,2.2733211517333984,,,,,,,,
94,13,39,7,,,,,3.191709518432617,1.867055892944336,,,,,,,,
95,13,39,7,,,,,3.759145736694336,2.009868621826172,,,,,,,,
96,13,39,7,,,,,4.800558090209961,3.4799575805664062,,,,,,,,
97,13,39,7,,,,,4.162788391113281,2.8586387634277344,,,,,,,,
98,13,39,7,,,,,4.029035568237305,2.053976058959961,,,,,,,,
99,13,39,7,,,,,3.060340881347656,1.77764892578125,,,,,,,,
100,13,39,7,,,,,,,1.5287399291992188,0.0581741333007812,,,,,,
101,13,39,7,,,,,,,1.407623291015625,0.0550746917724609,,,,,,
102,13,39,7,,,,,,,1.398324966430664,0.0612735748291015,,,,,,
103,13,39,7,,,,,,,1.3568401336669922,0.0522136688232421,,,,,,
104,13,39,7,,,,,,,1.403093338012695,0.0576972961425781,,,,,,
105,13,39,7,,,,,,,1.341104507446289,0.049591064453125,,,,,,
106,13,39,7,,,,,,,1.331806182861328,0.0576972961425781,,,,,,
107,13,39,7,,,,,,,1.4247894287109375,0.0638961791992187,,,,,,
108,13,39,7,,,,,,,1.3804435729980469,0.0619888305664062,,,,,,
109,13,39,7,,,,,,,1.3451576232910156,0.0588893890380859,,,,,,
110,13,39,7,,,,,,,,,658.637523651123,657.5660705566406,,,,
111,13,39,7,,,,,,,,,1040.8754348754885,1039.7748947143557,,,,
112,13,39,7,,,,,,,,,741.1670684814453,740.027666091919,,,,
113,13,39,7,,,,,,,,,780.8969020843506,779.5047760009766,,,,
114,13,39,7,,,,,,,,,793.682336807251,792.5920486450195,,,,
115,13,39,7,,,,,,,,,604.0782928466797,603.0495166778564,,,,
116,13,39,7,,,,,,,,,825.0834941864014,824.0578174591064,,,,
117,13,39,7,,,,,,,,,820.3616142272949,819.1816806793213,,,,
118,13,39,7,,,,,,,,,977.4625301361084,976.2163162231444,,,,
119,13,39,7,,,,,,,,,686.7637634277344,685.7473850250244,,,,
120,13,39,7,,,,,,,,,,,463.4041786193848,462.1646404266357,,
121,13,39,7,,,,,,,,,,,290.891170501709,289.81494903564453,,
122,13,39,7,,,,,,,,,,,469.731330871582,468.6791896820069,,
123,13,39,7,,,,,,,,,,,408.8079929351807,407.7024459838867,,
124,13,39,7,,,,,,,,,,,476.2094020843506,475.00014305114746,,
125,13,39,7,,,,,,,,,,,399.1224765777588,398.0255126953125,,
126,13,39,7,,,,,,,,,,,429.6104907989502,428.5845756530762,,
127,13,39,7,,,,,,,,,,,471.0392951965332,470.0000286102295,,
128,13,39,7,,,,,,,,,,,404.62398529052734,403.4256935119629,,
129,13,39,7,,,,,,,,,,,336.57360076904297,335.36696434021,,
130,13,39,7,,,,,,,,,,,,,155.85041046142578,154.00338172912598
131,13,39,7,,,,,,,,,,,,,152.573823928833,151.39293670654297
132,13,39,7,,,,,,,,,,,,,184.6294403076172,183.5207939147949
133,13,39,7,,,,,,,,,,,,,152.96077728271484,151.90577507019043
134,13,39,7,,,,,,,,,,,,,153.0458927154541,151.9627571105957
135,13,39,7,,,,,,,,,,,,,151.6404151916504,150.54774284362793
136,13,39,7,,,,,,,,,,,,,180.11116981506348,179.0921688079834
137,13,39,7,,,,,,,,,,,,,160.8755588531494,159.8305702209473
138,13,39,7,,,,,,,,,,,,,161.4816188812256,160.44235229492188
139,13,39,7,,,,,,,,,,,,,190.1392936706543,189.1088485717773
140,16,48,7,222.80049324035645,219.53725814819336,,,,,,,,,,,,
141,16,48,7,102.8890609741211,100.71086883544922,,,,,,,,,,,,
142,16,48,7,220.90482711791992,218.01137924194336,,,,,,,,,,,,
143,16,48,7,254.7211647033692,252.1111965179444,,,,,,,,,,,,
144,16,48,7,75.39606094360352,72.77107238769531,,,,,,,,,,,,
145,16,48,7,101.59087181091309,99.68829154968262,,,,,,,,,,,,
146,16,48,7,233.1218719482422,230.17644882202148,,,,,,,,,,,,
147,16,48,7,103.23834419250488,100.87037086486816,,,,,,,,,,,,
148,16,48,7,233.7241172790528,231.28247261047363,,,,,,,,,,,,
149,16,48,7,54.53014373779297,52.59394645690918,,,,,,,,,,,,
150,16,48,7,,,30.858755111694336,28.784990310668945,,,,,,,,,,
151,16,48,7,,,25.12645721435547,23.294687271118164,,,,,,,,,,
152,16,48,7,,,25.866270065307617,24.231433868408203,,,,,,,,,,
153,16,48,7,,,24.358034133911133,22.440671920776367,,,,,,,,,,
154,16,48,7,,,18.444061279296875,16.83807373046875,,,,,,,,,,
155,16,48,7,,,25.99310874938965,24.305105209350582,,,,,,,,,,
156,16,48,7,,,31.99005126953125,30.345916748046875,,,,,,,,,,
157,16,48,7,,,26.572704315185547,24.72233772277832,,,,,,,,,,
158,16,48,7,,,30.199766159057617,28.57685089111328,,,,,,,,,,
159,16,48,7,,,8.202552795410156,6.613254547119141,,,,,,,,,,
160,16,48,7,,,,,13.05699348449707,11.072874069213867,,,,,,,,
161,16,48,7,,,,,11.000871658325195,9.195566177368164,,,,,,,,
162,16,48,7,,,,,12.504100799560549,10.777473449707031,,,,,,,,
163,16,48,7,,,,,11.048078536987305,9.211301803588867,,,,,,,,
164,16,48,7,,,,,8.764982223510742,7.160663604736328,,,,,,,,
165,16,48,7,,,,,11.976003646850586,10.34832000732422,,,,,,,,
166,16,48,7,,,,,14.082908630371094,12.428998947143556,,,,,,,,
167,16,48,7,,,,,11.133193969726562,9.307861328125,,,,,,,,
168,16,48,7,,,,,11.49916648864746,9.91535186767578,,,,,,,,
169,16,48,7,,,,,6.523609161376953,4.931211471557617,,,,,,,,
170,16,48,7,,,,,,,1.908063888549805,0.1077651977539062,,,,,,
171,16,48,7,,,,,,,1.7516613006591797,0.0743865966796875,,,,,,
172,16,48,7,,,,,,,1.7247200012207031,0.0867843627929687,,,,,,
173,16,48,7,,,,,,,1.886129379272461,0.1306533813476562,,,,,,
174,16,48,7,,,,,,,1.6942024230957031,0.0751018524169921,,,,,,
175,16,48,7,,,,,,,1.7194747924804688,0.0736713409423828,,,,,,
176,16,48,7,,,,,,,1.7490386962890625,0.0998973846435546,,,,,,
177,16,48,7,,,,,,,1.7333030700683594,0.091552734375,,,,,,
178,16,48,7,,,,,,,1.7178058624267578,0.0884532928466796,,,,,,
179,16,48,7,,,,,,,1.699209213256836,0.0693798065185546,,,,,,
180,16,48,7,,,,,,,,,5045.664548873901,5043.886423110962,,,,
181,16,48,7,,,,,,,,,4312.262296676636,4310.925722122192,,,,
182,16,48,7,,,,,,,,,6787.964582443237,6786.620855331421,,,,
183,16,48,7,,,,,,,,,4936.403274536133,4935.003280639648,,,,
184,16,48,7,,,,,,,,,6084.393739700317,6083.078622817993,,,,
185,16,48,7,,,,,,,,,6146.683931350708,6145.352125167847,,,,
186,16,48,7,,,,,,,,,6393.566131591797,6392.159938812256,,,,
187,16,48,7,,,,,,,,,3560.5058670043945,3493.427515029907,,,,
188,16,48,7,,,,,,,,,6062.580108642578,6061.246871948242,,,,
189,16,48,7,,,,,,,,,2516.0152912139893,2514.705181121826,,,,
190,16,48,7,,,,,,,,,,,3599.397659301758,3598.1078147888184,,
191,16,48,7,,,,,,,,,,,3240.931749343872,3239.599227905273,,
192,16,48,7,,,,,,,,,,,3554.901361465454,3553.467273712158,,
193,16,48,7,,,,,,,,,,,3352.370500564575,3351.0570526123047,,
194,16,48,7,,,,,,,,,,,4912.309169769287,4910.893440246582,,
195,16,48,7,,,,,,,,,,,4943.1774616241455,4941.785573959351,,
196,16,48,7,,,,,,,,,,,3298.6855506896973,3297.3310947418213,,
197,16,48,7,,,,,,,,,,,3953.474283218384,3952.179431915283,,
198,16,48,7,,,,,,,,,,,4077.595472335816,4076.2341022491455,,
199,16,48,7,,,,,,,,,,,1886.7223262786863,1885.2944374084475,,
200,16,48,7,,,,,,,,,,,,,226.3331413269043,224.91931915283203
201,16,48,7,,,,,,,,,,,,,275.2797603607178,273.8134860992432
202,16,48,7,,,,,,,,,,,,,221.9157218933105,220.42131423950195
203,16,48,7,,,,,,,,,,,,,216.8018817901612,215.45100212097168
204,16,48,7,,,,,,,,,,,,,214.22362327575684,212.89467811584475
205,16,48,7,,,,,,,,,,,,,215.6052589416504,214.28823471069336
206,16,48,7,,,,,,,,,,,,,216.87579154968265,215.47794342041016
207,16,48,7,,,,,,,,,,,,,271.8672752380371,270.2810764312744
208,16,48,7,,,,,,,,,,,,,208.35113525390625,207.05008506774905
209,16,48,7,,,,,,,,,,,,,223.25587272644043,221.8823432922364
210,19,57,7,936.8109703063964,933.8045120239258,,,,,,,,,,,,
211,19,57,7,1160.8495712280271,1156.691551208496,,,,,,,,,,,,
212,19,57,7,858.2160472869873,854.790449142456,,,,,,,,,,,,
213,19,57,7,1723.2463359832764,1719.029426574707,,,,,,,,,,,,
214,19,57,7,1343.6610698699951,1340.1739597320557,,,,,,,,,,,,
215,19,57,7,1163.9184951782229,1160.51983833313,,,,,,,,,,,,
216,19,57,7,1099.3156433105469,1095.5588817596436,,,,,,,,,,,,
217,19,57,7,943.8977241516112,940.3505325317384,,,,,,,,,,,,
218,19,57,7,409.9955558776856,406.6321849822998,,,,,,,,,,,,
219,19,57,7,681.0555458068848,677.7658462524414,,,,,,,,,,,,
220,19,57,7,,,139.11938667297363,136.23809814453125,,,,,,,,,,
221,19,57,7,,,92.78678894042967,90.04020690917969,,,,,,,,,,
222,19,57,7,,,112.1385097503662,109.95006561279295,,,,,,,,,,
223,19,57,7,,,166.63742065429688,164.02459144592285,,,,,,,,,,
224,19,57,7,,,119.46892738342284,116.90044403076172,,,,,,,,,,
225,19,57,7,,,116.02663993835448,113.21592330932616,,,,,,,,,,
226,19,57,7,,,160.5088710784912,158.11872482299805,,,,,,,,,,
227,19,57,7,,,131.53839111328125,129.30059432983398,,,,,,,,,,
228,19,57,7,,,67.82412528991699,65.62948226928711,,,,,,,,,,
229,19,57,7,,,84.36107635498047,82.40985870361328,,,,,,,,,,
230,19,57,7,,,,,64.68939781188965,62.20769882202149,,,,,,,,
231,19,57,7,,,,,5.793094635009766,3.3621788024902344,,,,,,,,
232,19,57,7,,,,,45.03035545349121,43.02263259887695,,,,,,,,
233,19,57,7,,,,,78.67646217346191,75.90961456298828,,,,,,,,
234,19,57,7,,,,,50.06670951843262,48.01058769226074,,,,,,,,
235,19,57,7,,,,,48.89798164367676,46.74959182739258,,,,,,,,
236,19,57,7,,,,,62.59536743164063,60.06169319152832,,,,,,,,
237,19,57,7,,,,,50.084829330444336,48.09904098510742,,,,,,,,
238,19,57,7,,,,,35.75849533081055,33.57410430908203,,,,,,,,
239,19,57,7,,,,,35.0189208984375,33.09178352355957,,,,,,,,
240,19,57,7,,,,,,,2.51150131225586,0.1330375671386718,,,,,,
241,19,57,7,,,,,,,2.370595932006836,0.1821517944335937,,,,,,
242,19,57,7,,,,,,,2.2602081298828125,0.196695327758789,,,,,,
243,19,57,7,,,,,,,2.1963119506835938,0.1876354217529297,,,,,,
244,19,57,7,,,,,,,2.178668975830078,0.1616477966308593,,,,,,
245,19,57,7,,,,,,,2.117633819580078,0.1380443572998047,,,,,,
246,19,57,7,,,,,,,2.235651016235352,0.171661376953125,,,,,,
247,19,57,7,,,,,,,2.190113067626953,0.1647472381591797,,,,,,
248,19,57,7,,,,,,,2.0225048065185547,0.1285076141357422,,,,,,
249,19,57,7,,,,,,,2.1011829376220703,0.1478195190429687,,,,,,
250,19,57,7,,,,,,,,,52933.10976028442,52930.742502212524,,,,
251,19,57,7,1284.5098972320557,1281.177282333374,,,,,,,,,,,,
252,19,57,7,746.1631298065186,742.5856590270996,,,,,,,,,,,,
253,19,57,7,800.5096912384033,797.6264953613281,,,,,,,,,,,,
254,19,57,7,1201.8811702728271,1198.5230445861816,,,,,,,,,,,,
255,19,57,7,913.6338233947754,910.1955890655518,,,,,,,,,,,,
256,19,57,7,1492.3217296600342,1488.656997680664,,,,,,,,,,,,
257,19,57,7,657.315731048584,653.2435417175293,,,,,,,,,,,,
258,19,57,7,1073.4002590179443,1069.0579414367676,,,,,,,,,,,,
259,19,57,7,616.5065765380859,613.677978515625,,,,,,,,,,,,
260,19,57,7,535.8672142028809,532.4318408966064,,,,,,,,,,,,
261,19,57,7,,,133.50272178649902,130.62620162963867,,,,,,,,,,
262,19,57,7,,,82.43131637573242,79.81467247009277,,,,,,,,,,
263,19,57,7,,,114.06898498535156,112.013578414917,,,,,,,,,,
264,19,57,7,,,93.78695487976074,91.37296676635742,,,,,,,,,,
265,19,57,7,,,76.72786712646484,74.69749450683594,,,,,,,,,,
266,19,57,7,,,149.40977096557617,147.1705436706543,,,,,,,,,,
267,19,57,7,,,105.12900352478027,102.9515266418457,,,,,,,,,,
268,19,57,7,,,158.1134796142578,155.98273277282715,,,,,,,,,,
269,19,57,7,,,72.88575172424316,70.71781158447266,,,,,,,,,,
270,19,57,7,,,80.22928237915039,78.24373245239258,,,,,,,,,,
271,19,57,7,,,,,67.80314445495605,65.43827056884766,,,,,,,,
272,19,57,7,,,,,52.332401275634766,50.2772331237793,,,,,,,,
273,19,57,7,,,,,72.08895683288574,69.63205337524414,,,,,,,,
274,19,57,7,,,,,44.90470886230469,42.91725158691406,,,,,,,,
275,19,57,7,,,,,36.67187690734863,34.31296348571777,,,,,,,,
276,19,57,7,,,,,62.458038330078125,60.44507026672363,,,,,,,,
277,19,57,7,,,,,43.01190376281738,40.63057899475098,,,,,,,,
278,19,57,7,,,,,53.80535125732422,51.80096626281738,,,,,,,,
279,19,57,7,,,,,39.572715759277344,37.2467041015625,,,,,,,,
280,19,57,7,,,,,31.27908706665039,29.366016387939453,,,,,,,,
281,19,57,7,,,,,,,2.7322769165039062,0.1327991485595703,,,,,,
282,19,57,7,,,,,,,2.125978469848633,0.1289844512939453,,,,,,
283,19,57,7,,,,,,,2.129554748535156,0.1273155212402343,,,,,,
284,19,57,7,,,,,,,2.141237258911133,0.1513957977294922,,,,,,
285,19,57,7,,,,,,,2.1224021911621094,0.2031326293945312,,,,,,
286,19,57,7,,,,,,,2.150774002075196,0.1766681671142578,,,,,,
287,19,57,7,,,,,,,2.149820327758789,0.1673698425292968,,,,,,
288,19,57,7,,,,,,,2.1033287048339844,0.1659393310546875,,,,,,
289,19,57,7,,,,,,,2.083301544189453,0.1175403594970703,,,,,,
290,19,57,7,,,,,,,2.082347869873047,0.1533031463623047,,,,,,
291,19,57,7,,,,,,,,,38293.18046569824,38291.54086112976,,,,
292,19,57,7,,,,,,,,,38151.82137489319,38150.2001285553,,,,
293,19,57,7,,,,,,,,,49182.29103088379,49180.73225021362,,,,
294,19,57,7,,,,,,,,,40176.87726020813,40175.30083656311,,,,
295,19,57,7,,,,,,,,,48186.53297424317,48184.97061729431,,,,
296,19,57,7,,,,,,,,,42466.03202819824,42464.3976688385,,,,
297,19,57,7,,,,,,,,,37760.76436042786,37759.190797805786,,,,
298,19,57,7,,,,,,,,,46740.02695083618,46738.48509788513,,,,
299,19,57,7,,,,,,,,,37805.88459968567,37804.29649353027,,,,
300,19,57,7,,,,,,,,,38681.0257434845,38679.46553230286,,,,
301,19,57,7,,,,,,,,,,,27478.24597358704,27475.426197052,,
302,19,57,7,,,,,,,,,,,29490.73362350464,29489.154815673828,,
303,19,57,7,,,,,,,,,,,38958.94694328308,38957.39030838013,,
304,19,57,7,,,,,,,,,,,30861.17196083069,30859.48944091797,,
305,19,57,7,,,,,,,,,,,26323.66132736206,26322.11971282959,,
306,19,57,7,,,,,,,,,,,41809.10515785217,41807.5807094574,,
307,19,57,7,,,,,,,,,,,26427.20603942871,26425.71496963501,,
308,19,57,7,,,,,,,,,,,49912.47034072876,49910.91418266296,,
309,19,57,7,,,,,,,,,,,28127.240419387817,28125.75602531433,,
310,19,57,7,,,,,,,,,,,25932.454824447632,25930.85646629333,,
311,19,57,7,,,,,,,,,,,,,274.1050720214844,272.3727226257324
312,19,57,7,,,,,,,,,,,,,265.1042938232422,263.57245445251465
313,19,57,7,,,,,,,,,,,,,268.60666275024414,267.08388328552246
314,19,57,7,,,,,,,,,,,,,277.2910594940185,275.8011817932129
315,19,57,7,,,,,,,,,,,,,268.6173915863037,267.0636177062988
316,19,57,7,,,,,,,,,,,,,255.99241256713867,254.4097900390625
317,19,57,7,,,,,,,,,,,,,281.83960914611816,280.29537200927734
318,19,57,7,,,,,,,,,,,,,274.9111652374268,273.4370231628418
319,19,57,7,,,,,,,,,,,,,255.41305541992188,253.6849975585937
320,19,57,7,,,,,,,,,,,,,277.29272842407227,275.7587432861328
321,22,66,7,7910.918474197388,7902.209520339966,,,,,,,,,,,,
322,22,66,7,6950.760126113892,6944.657802581787,,,,,,,,,,,,
323,22,66,7,9135.022163391111,9127.333879470823,,,,,,,,,,,,
324,22,66,7,7731.892585754394,7723.863840103149,,,,,,,,,,,,
325,22,66,7,4220.191717147827,4214.761734008789,,,,,,,,,,,,
326,22,66,7,5748.897552490234,5742.932796478272,,,,,,,,,,,,
327,22,66,7,8257.599353790283,8250.48017501831,,,,,,,,,,,,
328,22,66,7,3014.4035816192627,3008.6915493011475,,,,,,,,,,,,
329,22,66,7,4064.987182617188,4059.497356414795,,,,,,,,,,,,
330,22,66,7,7187.776565551758,7180.087327957153,,,,,,,,,,,,
331,22,66,7,,,992.6207065582277,981.1029434204102,,,,,,,,,,
332,22,66,7,,,797.1081733703613,790.2460098266602,,,,,,,,,,
333,22,66,7,,,862.1132373809814,853.3282279968262,,,,,,,,,,
334,22,66,7,,,909.4223976135254,900.5646705627441,,,,,,,,,,
335,22,66,7,,,336.64703369140625,330.40666580200195,,,,,,,,,,
336,22,66,7,,,627.3975372314453,620.917797088623,,,,,,,,,,
337,22,66,7,,,1011.7523670196532,1004.209041595459,,,,,,,,,,
338,22,66,7,,,456.20083808898926,450.23488998413086,,,,,,,,,,
339,22,66,7,,,675.581693649292,670.1323986053467,,,,,,,,,,
340,22,66,7,,,521.1694240570068,513.0350589752197,,,,,,,,,,
341,22,66,7,,,,,473.362922668457,462.8565311431885,,,,,,,,
342,22,66,7,,,,,316.6334629058838,310.2071285247803,,,,,,,,
343,22,66,7,,,,,494.6434497833252,486.6671562194824,,,,,,,,
344,22,66,7,,,,,389.951229095459,381.7470073699951,,,,,,,,
345,22,66,7,,,,,182.1973323822021,177.57511138916016,,,,,,,,
346,22,66,7,,,,,283.47134590148926,278.13267707824707,,,,,,,,
347,22,66,7,,,,,426.49126052856445,420.2277660369873,,,,,,,,
348,22,66,7,,,,,259.5040798187256,254.9765110015869,,,,,,,,
349,22,66,7,,,,,273.99277687072754,269.5045471191406,,,,,,,,
350,22,66,7,,,,,307.4305057525635,302.8113842010498,,,,,,,,
351,22,66,7,,,,,,,9.982585906982422,3.216266632080078,,,,,,
352,22,66,7,,,,,,,6.041049957275391,2.038717269897461,,,,,,
353,22,66,7,,,,,,,5.68079948425293,2.1674633026123047,,,,,,
354,22,66,7,,,,,,,4.428863525390625,1.4293193817138672,,,,,,
355,22,66,7,,,,,,,3.4341812133789062,0.3609657287597656,,,,,,
356,22,66,7,,,,,,,3.20124626159668,0.579833984375,,,,,,
357,22,66,7,,,,,,,2.7968883514404297,0.4060268402099609,,,,,,
358,22,66,7,,,,,,,2.723217010498047,0.4086494445800781,,,,,,
359,22,66,7,,,,,,,2.605676651000977,0.2813339233398437,,,,,,
360,22,66,7,,,,,,,3.157377243041992,0.417947769165039,,,,,,
361,22,66,7,,,,,,,,,,,,,351.82833671569824,348.6614227294922
362,22,66,7,,,,,,,,,,,,,367.2266006469727,365.386962890625
363,22,66,7,,,,,,,,,,,,,365.1289939880371,363.3086681365967
364,22,66,7,,,,,,,,,,,,,355.1454544067383,353.36899757385254
365,22,66,7,,,,,,,,,,,,,342.82612800598145,341.0162925720215
366,22,66,7,,,,,,,,,,,,,360.8195781707764,359.0068817138672
367,22,66,7,,,,,,,,,,,,,343.3265686035156,341.5207862854004
368,22,66,7,,,,,,,,,,,,,337.9342555999756,336.162805557251
369,22,66,7,,,,,,,,,,,,,367.6011562347412,365.7643795013428
370,22,66,7,,,,,,,,,,,,,355.741024017334,353.96313667297363
371,25,75,7,43813.32039833069,43798.79641532898,,,,,,,,,,,,
372,25,75,7,62539.23487663269,62520.33853530884,,,,,,,,,,,,
373,25,75,7,71358.66236686707,71336.26437187195,,,,,,,,,,,,
374,25,75,7,75278.26142311096,75263.4699344635,,,,,,,,,,,,
375,25,75,7,55736.85383796692,55717.7619934082,,,,,,,,,,,,
376,25,75,7,57829.49852943421,57809.97824668884,,,,,,,,,,,,
377,25,75,7,59099.86352920532,59078.91941070557,,,,,,,,,,,,
378,25,75,7,,,5978.669166564941,5949.759721755981,,,,,,,,,,
379,25,75,7,,,6257.894277572632,6237.605333328247,,,,,,,,,,
380,25,75,7,,,2948.0085372924805,2937.671422958374,,,,,,,,,,
381,25,75,7,,,6691.080808639526,6673.474073410034,,,,,,,,,,
382,25,75,7,,,5880.318164825439,5858.14380645752,,,,,,,,,,
383,25,75,7,,,6852.881669998169,6832.594394683838,,,,,,,,,,
384,25,75,7,,,1574.4671821594238,1563.0686283111572,,,,,,,,,,
385,25,75,7,,,4309.161186218262,4290.346384048462,,,,,,,,,,
386,25,75,7,,,7999.232530593872,7981.868982315063,,,,,,,,,,
387,25,75,7,,,8444.671392440796,8412.9478931427,,,,,,,,,,
388,25,75,7,,,,,3771.6104984283447,3732.8834533691406,,,,,,,,
389,25,75,7,,,,,3486.2022399902344,3453.287363052368,,,,,,,,
390,25,75,7,,,,,1894.195556640625,1879.4214725494385,,,,,,,,
391,25,75,7,,,,,3708.428144454956,3682.846546173096,,,,,,,,
392,25,75,7,,,,,3658.163547515869,3630.321741104126,,,,,,,,
393,25,75,7,,,,,3388.40389251709,3364.090919494629,,,,,,,,
394,25,75,7,,,,,1016.3233280181884,1004.291534423828,,,,,,,,
395,25,75,7,,,,,2403.024435043335,2378.086805343628,,,,,,,,
396,25,75,7,,,,,3507.110834121704,3486.156463623047,,,,,,,,
397,25,75,7,,,,,4465.169191360474,4425.971746444702,,,,,,,,
398,25,75,7,,,,,,,77.48007774353027,33.51259231567383,,,,,,
399,25,75,7,,,,,,,61.4769458770752,25.12383460998535,,,,,,
400,25,75,7,,,,,,,24.28746223449707,9.865999221801758,,,,,,
401,25,75,7,,,,,,,47.58834838867188,20.32947540283203,,,,,,
402,25,75,7,,,,,,,45.34435272216797,19.327402114868164,,,,,,
403,25,75,7,,,,,,,43.00570487976074,18.35155487060547,,,,,,
404,25,75,7,,,,,,,15.815973281860352,5.006074905395508,,,,,,
405,25,75,7,,,,,,,32.691001892089844,13.132572174072266,,,,,,
406,25,75,7,,,,,,,34.50632095336914,18.076181411743164,,,,,,
407,25,75,7,,,,,,,24.930953979492188,13.695478439331056,,,,,,
408,25,75,7,,,,,,,,,,,,,556.8094253540039,554.1398525238037
409,25,75,7,,,,,,,,,,,,,499.1061687469482,497.1339702606201
410,25,75,7,,,,,,,,,,,,,482.16938972473145,480.0565242767334
411,25,75,7,,,,,,,,,,,,,567.5351619720459,565.4962062835693
412,25,75,7,,,,,,,,,,,,,520.6348896026611,518.4717178344727
413,25,75,7,,,,,,,,,,,,,568.551778793335,566.1511421203613
414,25,75,7,,,,,,,,,,,,,470.6592559814453,468.4991836547852
415,25,75,7,,,,,,,,,,,,,539.942741394043,506.11209869384766
416,25,75,7,,,,,,,,,,,,,492.13242530822754,490.07630348205566
417,25,75,7,,,,,,,,,,,,,491.4453029632568,489.31169509887695
418,28,84,7,,,53822.14760780335,53772.76659011841,,,,,,,,,,
419,28,84,7,,,48878.11017036438,48844.42615509033,,,,,,,,,,
420,28,84,7,,,59275.72441101074,59202.53372192383,,,,,,,,,,
421,28,84,7,,,15858.664989471436,15819.672107696531,,,,,,,,,,
422,28,84,7,,,9007.174968719482,8977.72240638733,,,,,,,,,,
423,28,84,7,,,54829.933404922485,54716.83716773987,,,,,,,,,,
424,28,84,7,,,20797.774076461792,20742.43831634521,,,,,,,,,,
425,28,84,7,,,23782.947063446045,23706.899642944336,,,,,,,,,,
426,28,84,7,,,45562.209606170654,45493.15547943115,,,,,,,,,,
427,28,84,7,,,60734.217405319214,60646.0063457489,,,,,,,,,,
428,28,84,7,,,,,17468.9724445343,17362.417459487915,,,,,,,,
429,28,84,7,,,,,18707.195043563843,18647.260904312134,,,,,,,,
430,28,84,7,,,,,12031.939268112184,11994.470357894896,,,,,,,,
431,28,84,7,,,,,12120.475769042969,12080.828428268433,,,,,,,,
432,28,84,7,,,,,8675.888776779175,8639.612674713135,,,,,,,,
433,28,84,7,,,,,13255.862712860107,13209.757566452026,,,,,,,,
434,28,84,7,,,,,9418.24460029602,9357.215404510498,,,,,,,,
435,28,84,7,,,,,16953.073024749756,16892.93098449707,,,,,,,,
436,28,84,7,,,,,20035.17341613769,19964.718103408813,,,,,,,,
437,28,84,7,,,,,15245.05066871643,15194.482803344728,,,,,,,,
438,28,84,7,,,,,11073.367834091188,11028.162717819214,,,,,,,,
439,28,84,7,,,,,11556.368827819824,11495.271921157835,,,,,,,,
440,28,84,7,,,,,,,111.14072799682616,56.19382858276367,,,,,,
441,28,84,7,,,,,,,130.70058822631836,69.78178024291992,,,,,,
442,28,84,7,,,,,,,86.6248607635498,39.49642181396485,,,,,,
443,28,84,7,,,,,,,105.73196411132812,52.47139930725098,,,,,,
444,28,84,7,,,,,,,85.6783390045166,39.5357608795166,,,,,,
445,28,84,7,,,,,,,124.1915225982666,62.253713607788086,,,,,,
446,28,84,7,,,,,,,134.15932655334473,62.139272689819336,,,,,,
447,28,84,7,,,,,,,134.44876670837402,61.76161766052246,,,,,,
448,28,84,7,,,,,,,102.9052734375,50.26054382324219,,,,,,
449,28,84,7,,,,,,,78.87148857116699,39.400577545166016,,,,,,
450,28,84,7,,,,,,,,,,,,,867.4061298370361,864.7873401641846
451,28,84,7,,,,,,,,,,,,,756.8986415863037,754.4524669647217
452,28,84,7,,,,,,,,,,,,,603.569507598877,601.1471748352051
453,28,84,7,,,,,,,,,,,,,709.632158279419,707.183837890625
454,28,84,7,,,,,,,,,,,,,622.8837966918945,620.2526092529297
455,28,84,7,,,,,,,,,,,,,726.6676425933838,723.6948013305664
456,28,84,7,,,,,,,,,,,,,733.0224514007568,729.4440269470215
457,28,84,7,,,,,,,143.51439476013184,72.7083683013916,,,,,,
458,28,84,7,,,,,,,126.40929222106934,50.43482780456543,,,,,,
459,28,84,7,,,,,,,151.37028694152832,70.17016410827637,,,,,,
460,28,84,7,,,,,,,56.2748908996582,29.18076515197754,,,,,,
461,28,84,7,,,,,,,110.66150665283205,58.01749229431152,,,,,,
462,28,84,7,,,,,,,132.2920322418213,65.27853012084961,,,,,,
463,28,84,7,,,,,,,156.9993495941162,74.6462345123291,,,,,,
464,28,84,7,,,,,,,134.95540618896484,71.66266441345215,,,,,,
465,28,84,7,,,,,,,168.0471897125244,84.24615859985352,,,,,,
466,28,84,7,,,,,,,139.01281356811523,75.36840438842773,,,,,,
467,28,84,7,,,,,,,,,,,,,738.1322383880615,735.4674339294434
468,28,84,7,,,,,,,,,,,,,681.502103805542,679.1772842407227
469,28,84,7,,,,,,,,,,,,,581.2194347381592,578.906774520874
470,28,84,7,,,,,,,,,,,,,561.6297721862793,559.2703819274902
471,28,84,7,,,,,,,,,,,,,651.6008377075195,649.277925491333
472,28,84,7,,,,,,,,,,,,,669.884443283081,667.2234535217285
473,28,84,7,,,,,,,,,,,,,781.3594341278076,778.9366245269775
474,28,84,7,,,,,,,,,,,,,1002.1631717681884,999.8595714569092
475,28,84,7,,,,,,,,,,,,,621.2575435638428,618.8395023345947
476,28,84,7,,,,,,,,,,,,,914.6318435668944,912.18900680542
477,31,93,7,,,,,,,502.8071403503418,226.2036800384521,,,,,,
478,31,93,7,,,,,,,305.57966232299805,164.3822193145752,,,,,,
479,31,93,7,,,,,,,315.84954261779785,186.64979934692383,,,,,,
480,31,93,7,,,,,,,428.264856338501,214.0712738037109,,,,,,
481,31,93,7,,,,,,,315.65284729003906,153.20396423339844,,,,,,
482,31,93,7,,,,,,,644.085168838501,344.4991111755371,,,,,,
483,31,93,7,,,,,,,381.41369819641113,207.6542377471924,,,,,,
484,31,93,7,,,,,,,284.04736518859863,161.68713569641113,,,,,,
485,31,93,7,,,,,,,219.6052074432373,119.78459358215332,,,,,,
486,31,93,7,,,,,,,226.22227668762207,113.42263221740724,,,,,,
487,31,93,7,,,,,,,,,,,,,912.4581813812256,909.5146656036376
488,31,93,7,,,,,,,,,,,,,820.2838897705078,817.5280094146729
489,31,93,7,,,,,,,,,,,,,1187.0934963226318,1184.514045715332
490,31,93,7,,,,,,,,,,,,,910.6934070587158,907.9859256744384
491,31,93,7,,,,,,,,,,,,,860.8472347259521,858.1705093383789
492,31,93,7,,,,,,,,,,,,,1204.7233581542969,1201.777696609497
493,31,93,7,,,,,,,,,,,,,1115.7426834106443,1113.0473613739014
494,31,93,7,,,,,,,,,,,,,1484.3196868896484,1481.154441833496
495,31,93,7,,,,,,,,,,,,,922.9514598846436,920.3848838806152
496,31,93,7,,,,,,,,,,,,,1110.37278175354,1107.6531410217283
497,34,102,7,,,,,,,1326.1442184448242,700.7815837860107,,,,,,
498,34,102,7,,,,,,,779.4086933135986,448.2131004333496,,,,,,
499,34,102,7,,,,,,,871.6132640838623,500.9641647338867,,,,,,
500,34,102,7,,,,,,,903.1319618225098,494.2963123321533,,,,,,
501,34,102,7,,,,,,,1662.6224517822266,858.5245609283447,,,,,,
502,34,102,7,,,,,,,1548.0868816375732,750.8962154388428,,,,,,
503,34,102,7,,,,,,,1343.8127040863037,675.788402557373,,,,,,
504,34,102,7,,,,,,,910.6099605560304,479.8855781555176,,,,,,
505,34,102,7,,,,,,,2321.9239711761475,1125.333309173584,,,,,,
506,34,102,7,,,,,,,1071.8755722045898,608.0625057220459,,,,,,
507,34,102,7,,,,,,,,,,,,,1621.4931011199951,1617.7406311035156
508,34,102,7,,,,,,,,,,,,,3220.874547958374,3217.930793762207
509,34,102,7,,,,,,,,,,,,,2131.7567825317383,2128.3717155456543
510,34,102,7,,,,,,,,,,,,,2231.4441204071045,2228.3589839935303
511,34,102,7,,,,,,,,,,,,,3320.4002380371094,3317.569732666016
512,34,102,7,,,,,,,,,,,,,1249.4556903839111,1246.3016510009766
513,34,102,7,,,,,,,,,,,,,2032.4547290802,2029.2835235595703
514,34,102,7,,,,,,,,,,,,,1073.216199874878,1070.319890975952
515,34,102,7,,,,,,,,,,,,,1421.949863433838,1418.8830852508545
516,34,102,7,,,,,,,,,,,,,1747.032880783081,1744.1563606262207
517,40,120,7,,,,,,,12555.993556976318,6991.297483444214,,,,,,
518,40,120,7,,,,,,,10222.96142578125,5286.235094070435,,,,,,
519,40,120,7,,,,,,,18862.59651184082,10144.940853118896,,,,,,
520,40,120,7,,,,,,,26543.45226287841,10472.11766242981,,,,,,
521,40,120,7,,,,,,,10200.305938720703,5405.4274559021,,,,,,
522,40,120,7,,,,,,,13677.527904510498,7322.086572647095,,,,,,
523,40,120,7,,,,,,,20425.81558227539,9122.890710830688,,,,,,
524,40,120,7,,,,,,,32128.671407699585,17301.22447013855,,,,,,
525,40,120,7,,,,,,,21097.241401672363,7861.042737960815,,,,,,
526,40,120,7,,,,,,,20876.27959251404,12664.048910140991,,,,,,
527,40,120,7,,,,,,,,,,,,,5138.406276702881,5095.315217971802
528,40,120,7,,,,,,,,,,,,,7356.193780899048,7352.615594863892
529,40,120,7,,,,,,,,,,,,,6398.609399795532,6395.380020141602
530,40,120,7,,,,,,,,,,,,,2901.900291442871,2898.195505142212
531,40,120,7,,,,,,,,,,,,,7225.580215454102,7222.243547439575
532,40,120,7,,,,,,,,,,,,,11994.176149368286,11990.755319595335
533,40,120,7,,,,,,,,,,,,,7207.919836044311,7204.221487045288
534,40,120,7,,,,,,,28455.74450492859,15542.062044143677,,,,,,
535,40,120,7,,,,,,,,,,,,,9131.705522537231,9127.504348754885
536,37,111,7,,,,,,,2908.4460735321045,1707.458257675171,,,,,,
537,37,111,7,,,,,,,5506.999492645264,3115.0197982788086,,,,,,
538,37,111,7,,,,,,,4325.363159179688,2348.043441772461,,,,,,
539,37,111,7,,,,,,,6961.183309555054,3836.9414806365967,,,,,,
540,37,111,7,,,,,,,5460.582256317139,3180.0098419189453,,,,,,
541,37,111,7,,,,,,,,,,,,,9047.12176322937,9043.019771575928
542,37,111,7,,,,,,,,,,,,,8317.638635635376,8314.026594161987
543,37,111,7,,,,,,,,,,,,,3327.068567276001,3323.754072189331
544,37,111,7,,,,,,,,,,,,,19426.303148269653,19422.97530174256
545,37,111,7,,,,,,,,,,,,,14158.862829208374,14155.526876449583
546,37,111,7,,,,,,,3670.3968048095694,1912.203550338745,,,,,,
547,37,111,7,,,,,,,7891.847133636475,4013.1020545959473,,,,,,
548,37,111,7,,,,,,,4034.4085693359375,2147.974729537964,,,,,,
549,37,111,7,,,,,,,6797.2142696380615,3506.5667629241943,,,,,,
550,37,111,7,,,,,,,5549.159049987793,2932.307243347168,,,,,,
551,37,111,7,,,,,,,,,,,,,4415.112018585205,4409.796476364136
552,37,111,7,,,,,,,,,,,,,6294.427156448364,6291.087865829468
553,37,111,7,,,,,,,,,,,,,5995.841026306152,5992.56443977356
554,37,111,7,,,,,,,,,,,,,4814.409494400024,4810.942649841309
555,37,111,7,,,,,,,,,,,,,10494.54927444458,10491.230964660645
556,37,111,7,,,,,,,3646.308660507202,1937.9923343658447,,,,,,
557,37,111,7,,,,,,,4123.309850692749,2181.625843048096,,,,,,
558,37,111,7,,,,,,,3397.8021144866943,1784.7931385040283,,,,,,
559,37,111,7,,,,,,,5169.753551483154,2640.398979187012,,,,,,
560,37,111,7,,,,,,,6905.050754547119,3336.9219303131104,,,,,,
561,37,111,7,,,,,,,,,,,,,1199.3603706359863,1195.7385540008545
562,37,111,7,,,,,,,,,,,,,5375.501155853272,5372.164726257324
563,37,111,7,,,,,,,,,,,,,3974.8854637146,3971.5018272399902
564,37,111,7,,,,,,,,,,,,,2501.3155937194824,2497.952699661255
565,37,111,7,,,,,,,,,,,,,4640.133380889893,4636.497735977173
566,37,111,7,,,,,,,6525.186777114868,3770.51305770874,,,,,,
567,37,111,7,,,,,,,4116.739988327026,2044.808387756348,,,,,,
568,37,111,7,,,,,,,2796.5526580810547,1525.8409976959229,,,,,,
569,37,111,7,,,,,,,5139.4524574279785,2906.0845375061035,,,,,,
570,37,111,7,,,,,,,4518.397092819214,2247.4491596221924,,,,,,
571,37,111,7,,,,,,,,,,,,,13655.147790908812,13651.671886444092
572,37,111,7,,,,,,,,,,,,,2996.931552886963,2993.625402450561
573,37,111,7,,,,,,,,,,,,,10417.080402374268,10413.549184799194
574,37,111,7,,,,,,,,,,,,,8540.679931640625,8537.232160568237
575,37,111,7,,,,,,,,,,,,,6244.53067779541,6239.310503005981
576,37,111,7,,,,,,,5595.729112625122,3241.7657375335693,,,,,,
577,37,111,7,,,,,,,5221.10915184021,2765.8562660217285,,,,,,
578,37,111,7,,,,,,,5623.372793197632,2943.4356689453125,,,,,,
579,37,111,7,,,,,,,9905.143976211548,4782.120704650879,,,,,,
580,37,111,7,,,,,,,3897.339820861816,2091.3636684417725,,,,,,
581,37,111,7,,,,,,,,,,,,,6344.992876052856,6341.747760772705
582,37,111,7,,,,,,,,,,,,,3654.906034469605,3651.664733886719
583,37,111,7,,,,,,,,,,,,,5039.384126663208,5035.625696182251
584,37,111,7,,,,,,,,,,,,,6182.847261428833,6140.6238079071045
585,37,111,7,,,,,,,,,,,,,8930.261850357056,8926.604509353638
586,40,120,7,,,,,,,13446.83003425598,7131.702423095703,,,,,,
587,40,120,7,,,,,,,26333.987951278687,13636.127233505247,,,,,,
588,40,120,7,,,,,,,38606.56428337097,16773.561000823975,,,,,,
589,40,120,7,,,,,,,15871.777296066284,8268.689632415771,,,,,,
590,40,120,7,,,,,,,16574.491262435913,8105.956315994263,,,,,,
591,40,120,7,,,,,,,,,,,,,10746.860980987549,10741.34373664856
592,40,120,7,,,,,,,,,,,,,10073.005199432371,10069.433212280272
593,40,120,7,,,,,,,,,,,,,10551.116943359377,10547.341108322144
594,40,120,7,,,,,,,,,,,,,9192.245960235596,9188.627481460571
595,40,120,7,,,,,,,,,,,,,9535.98403930664,9532.13381767273
596,40,120,7,,,,,,,34219.60806846619,18185.62126159668,,,,,,
597,40,120,7,,,,,,,12743.662357330322,5223.356246948242,,,,,,
598,40,120,7,,,,,,,15993.571281433104,9242.745876312256,,,,,,
599,40,120,7,,,,,,,11431.785821914673,6254.863023757935,,,,,,
600,40,120,7,,,,,,,14017.616271972656,7889.566421508789,,,,,,
601,40,120,7,,,,,,,,,,,,,6036.883354187012,6031.914710998535
602,40,120,7,,,,,,,,,,,,,8557.527303695679,8554.11410331726
603,40,120,7,,,,,,,,,,,,,5041.883945465088,5038.305759429932
604,40,120,7,,,,,,,,,,,,,22275.55179595948,22272.045850753784
605,40,120,7,,,,,,,,,,,,,24663.217067718502,24659.435033798218
606,22,66,7,,,,,,,8.61668586730957,2.5260448455810547,,,,,,
607,22,66,7,,,,,,,8.746862411499023,3.400087356567383,,,,,,
608,22,66,7,,,,,,,13.34691047668457,6.136417388916016,,,,,,
609,22,66,7,,,,,,,9.941577911376951,4.035711288452148,,,,,,
610,22,66,7,,,,,,,7.944345474243164,2.7942657470703125,,,,,,
611,22,66,7,,,,,,,,,,,,,396.9652652740479,394.2594528198242
612,22,66,7,,,,,,,,,,,,,426.3315200805664,424.3957996368408
613,22,66,7,,,,,,,,,,,,,409.9092483520508,407.9608917236328
614,22,66,7,,,,,,,,,,,,,444.1885948181152,442.126989364624
615,22,66,7,,,,,,,,,,,,,338.6037349700928,336.31062507629395
616,22,66,7,,,,,,,14.854907989501951,6.4868927001953125,,,,,,
617,22,66,7,,,,,,,12.67409324645996,5.302906036376953,,,,,,
618,22,66,7,,,,,,,11.136293411254885,4.724025726318359,,,,,,
619,22,66,7,,,,,,,7.378339767456055,2.421855926513672,,,,,,
620,22,66,7,,,,,,,4.796504974365234,1.1191368103027344,,,,,,
621,22,66,7,,,,,,,,,,,,,379.436731338501,377.4607181549072
622,22,66,7,,,,,,,,,,,,,391.9785022735596,390.0771141052246
623,22,66,7,,,,,,,,,,,,,449.8004913330078,447.3702907562256
624,22,66,7,,,,,,,,,,,,,383.3777904510498,380.8650970458984
625,22,66,7,,,,,,,,,,,,,407.6693058013916,354.7523021697998
626,34,102,7,,,,,,,1705.596923828125,980.3283214569092,,,,,,
627,34,102,7,,,,,,,1223.7541675567627,689.9967193603516,,,,,,
628,34,102,7,,,,,,,963.160514831543,527.6236534118652,,,,,,
629,34,102,7,,,,,,,640.6943798065186,326.4164924621582,,,,,,
630,34,102,7,,,,,,,1159.4483852386477,654.3962955474854,,,,,,
631,34,102,7,,,,,,,,,,,,,3405.419111251831,3402.3642539978027
632,34,102,7,,,,,,,,,,,,,3064.2659664154053,3061.0837936401367
633,34,102,7,,,,,,,,,,,,,1533.2403182983398,1530.2705764770508
634,34,102,7,,,,,,,,,,,,,1101.9487380981443,1098.9956855773926
635,34,102,7,,,,,,,,,,,,,2027.8558731079104,2024.7206687927248
636,19,57,7,,,,,,,5.183696746826172,0.96893310546875,,,,,,
637,19,57,7,,,,,,,5.309581756591797,1.6121864318847656,,,,,,
638,19,57,7,,,,,,,8.174419403076172,1.5816688537597656,,,,,,
639,19,57,7,,,,,,,4.454612731933594,1.3573169708251953,,,,,,
640,19,57,7,,,,,,,3.5915374755859375,0.7963180541992188,,,,,,
641,19,57,7,,,,,,,,,,,,,347.3246097564697,344.42877769470215
642,19,57,7,,,,,,,,,,,,,279.141902923584,277.585506439209
643,19,57,7,,,,,,,,,,,,,317.82054901123047,316.20335578918457
644,19,57,7,,,,,,,,,,,,,278.7437438964844,277.06217765808105
645,19,57,7,,,,,,,,,,,,,309.1301918029785,307.4793815612793
